-- USERS
INSERT INTO users (id, username, email, password_hash, full_name, role, is_active, is_premium, created_at, updated_at) VALUES
(1, 'user1', 'user1@example.com', '$2a$12$hash1', 'User 1', 'USER', true, false, NOW(), NOW()),
(2, 'collab2', 'collab2@example.com', '$2a$12$hash2', 'Collab 2', 'COLLABORATOR', true, false, NOW(), NOW()),
(3, 'admin3', 'admin3@example.com', '$2a$12$hash3', 'Admin 3', 'ADMIN', true, true, NOW(), NOW()),
(4, 'user4', 'user4@example.com', '$2a$12$hash4', 'User 4', 'USER', true, false, NOW(), NOW()),
(5, 'collab5', 'collab5@example.com', '$2a$12$hash5', 'Collab 5', 'COLLABORATOR', true, false, NOW(), NOW()),
(6, 'admin6', 'admin6@example.com', '$2a$12$hash6', 'Admin 6', 'ADMIN', true, true, NOW(), NOW()),
(7, 'user7', 'user7@example.com', '$2a$12$hash7', 'User 7', 'USER', true, false, NOW(), NOW()),
(8, 'collab8', 'collab8@example.com', '$2a$12$hash8', 'Collab 8', 'COLLABORATOR', true, false, NOW(), NOW()),
(9, 'admin9', 'admin9@example.com', '$2a$12$hash9', 'Admin 9', 'ADMIN', true, true, NOW(), NOW()),
(10, 'user10', 'user10@example.com', '$2a$12$hash10', 'User 10', 'USER', true, false, NOW(), NOW());

-- LESSONS
INSERT INTO lessons (id, title, description, content, level, image_url, audio_url, is_premium, is_active, order_index, created_at, updated_at, type, difficulty, duration) VALUES
(1, 'Lesson 1: Greetings', 'Learn basic greetings', 'Hello! How are you?', 'A1', 'lessons/greeting.jpg', 'greetings/greeting-intro.mp3', false, true, 1, NOW(), NOW(), 'vocabulary', 'easy', 10),
(2, 'Lesson 2: Numbers', 'Learn to count', 'One, two, three...', 'A1', 'lessons/numbers.jpg', 'numbers/numbers-intro.mp3', false, true, 2, NOW(), NOW(), 'vocabulary', 'easy', 10),
(3, 'Lesson 3: Colors', 'Learn about colors', 'Red, blue, green...', 'A1', 'lessons/colors.jpg', 'colors/colors-intro.mp3', false, true, 3, NOW(), NOW(), 'vocabulary', 'easy', 10),
(4, 'Lesson 4: Family', 'Talk about your family', 'This is my mother...', 'A1', 'lessons/family.jpg', 'family/family-intro.mp3', false, true, 4, NOW(), NOW(), 'vocabulary', 'easy', 10),
(5, 'Lesson 5: Food', 'Discuss your favorite food', 'I like pizza...', 'A1', 'lessons/food.jpg', 'food/food-intro.mp3', false, true, 5, NOW(), NOW(), 'vocabulary', 'easy', 10),
(6, 'Lesson 6: Hobbies', 'Share your hobbies', 'I enjoy reading...', 'A1', 'lessons/hobbies.jpg', 'hobbies/hobbies-intro.mp3', false, true, 6, NOW(), NOW(), 'vocabulary', 'easy', 10),
(7, 'Lesson 7: Travel', 'Talk about travel', 'I have been to Paris...', 'A1', 'lessons/travel.jpg', 'travel/travel-intro.mp3', false, true, 7, NOW(), NOW(), 'vocabulary', 'easy', 10),
(8, 'Lesson 8: Work', 'Describe your job', 'I am a teacher...', 'A1', 'lessons/work.jpg', 'work/work-intro.mp3', false, true, 8, NOW(), NOW(), 'vocabulary', 'easy', 10),
(9, 'Lesson 9: Daily Routine', 'Talk about your day', 'I wake up at 7 AM...', 'A1', 'lessons/routine.jpg', 'routine/routine-intro.mp3', false, true, 9, NOW(), NOW(), 'vocabulary', 'easy', 10),
(10, 'Lesson 10: Weather', 'Discuss the weather', 'It is sunny today...', 'A1', 'lessons/weather.jpg', 'weather/weather-intro.mp3', false, true, 10, NOW(), NOW(), 'vocabulary', 'easy', 10),
(11, 'Lesson 11: Sports', 'Talk about sports', 'I play football...', 'A1', 'lessons/sports.jpg', 'sports/sports-intro.mp3', false, true, 11, NOW(), NOW(), 'vocabulary', 'easy', 10),
(12, 'Lesson 12: Music', 'Discuss your favorite music', 'I love rock music...', 'A1', 'lessons/music.jpg', 'music/music-intro.mp3', false, true, 12, NOW(), NOW(), 'vocabulary', 'easy', 10),
(13, 'Lesson 13: Movies', 'Talk about movies', 'My favorite movie is...', 'A1', 'lessons/movies.jpg', 'movies/movies-intro.mp3', false, true, 13, NOW(), NOW(), 'vocabulary', 'easy', 10),
(14, 'Lesson 14: Books', 'Discuss your favorite books', 'I enjoy reading...', 'A1', 'lessons/books.jpg', 'books/books-intro.mp3', false, true, 14, NOW(), NOW(), 'vocabulary', 'easy', 10),
(15, 'Lesson 15: Art', 'Talk about art', 'I like painting...', 'A1', 'lessons/art.jpg', 'art/art-intro.mp3', false, true, 15, NOW(), NOW(), 'vocabulary', 'easy', 10),
(16, 'Lesson 16: Nature', 'Discuss nature', 'I love the mountains...', 'A1', 'lessons/nature.jpg', 'nature/nature-intro.mp3', false, true, 16, NOW(), NOW(), 'vocabulary', 'easy', 10),
(17, 'Lesson 17: Technology', 'Talk about technology', 'I use a computer...', 'A1', 'lessons/technology.jpg', 'technology/technology-intro.mp3', false, true, 17, NOW(), NOW(), 'vocabulary', 'easy', 10),
(18, 'Lesson 18: Health', 'Discuss health', 'I go to the gym...', 'A1', 'lessons/health.jpg', 'health/health-intro.mp3', false, true, 18, NOW(), NOW(), 'vocabulary', 'easy', 10),
(19, 'Lesson 19: Education', 'Talk about education', 'I study at university...', 'A1', 'lessons/education.jpg', 'education/education-intro.mp3', false, true, 19, NOW(), NOW(), 'vocabulary', 'easy', 10),
(20, 'Lesson 20: Shopping', 'Discuss shopping', 'I need to buy groceries...', 'A1', 'lessons/shopping.jpg', 'shopping/shopping-intro.mp3', false, true, 20, NOW(), NOW(), 'vocabulary', 'easy', 10),
(21, 'Lesson 21: Transportation', 'Talk about transportation', 'I drive a car...', 'A1', 'lessons/transportation.jpg', 'transportation/transportation-intro.mp3', false, true, 21, NOW(), NOW(), 'vocabulary', 'easy', 10),
(22, 'Lesson 22: Communication', 'Discuss communication', 'I use email and chat...', 'A1', 'lessons/communication.jpg', 'communication/communication-intro.mp3', false, true, 22, NOW(), NOW(), 'vocabulary', 'easy', 10),
(23, 'Lesson 23: Environment', 'Talk about the environment', 'We should protect nature...', 'A1', 'lessons/environment.jpg', 'environment/environment-intro.mp3', false, true, 23, NOW(), NOW(), 'vocabulary', 'easy', 10),
(24, 'Lesson 24: Society', 'Discuss society', 'In my society, we value...', 'A1', 'lessons/society.jpg', 'society/society-intro.mp3', false, true, 24, NOW(), NOW(), 'vocabulary', 'easy', 10),
(25, 'Lesson 25: Culture', 'Talk about culture', 'My culture is rich in traditions...', 'A1', 'lessons/culture.jpg', 'culture/culture-intro.mp3', false, true, 25, NOW(), NOW(), 'vocabulary', 'easy', 10),
(26, 'Lesson 26: History', 'Discuss history', 'In history, we learn about...', 'A1', 'lessons/history.jpg', 'history/history-intro.mp3', false, true, 26, NOW(), NOW(), 'vocabulary', 'easy', 10),
(27, 'Lesson 27: Science', 'Talk about science', 'Science helps us understand the world...', 'A1', 'lessons/science.jpg', 'science/science-intro.mp3', false, true, 27, NOW(), NOW(), 'vocabulary', 'easy', 10),
(28, 'Lesson 28: Mathematics', 'Discuss mathematics', 'Math is the language of the universe...', 'A1', 'lessons/mathematics.jpg', 'mathematics/mathematics-intro.mp3', false, true, 28, NOW(), NOW(), 'vocabulary', 'easy', 10),
(29, 'Lesson 29: Literature', 'Talk about literature', 'Literature reflects human experiences...', 'A1', 'lessons/literature.jpg', 'literature/literature-intro.mp3', false, true, 29, NOW(), NOW(), 'vocabulary', 'easy', 10),
(30, 'Lesson 30: Philosophy', 'Discuss philosophy', 'Philosophy explores fundamental questions...', 'A1', 'lessons/philosophy.jpg', 'philosophy/philosophy-intro.mp3', false, true, 30, NOW(), NOW(), 'vocabulary', 'easy', 10),
(31, 'Lesson 31: Japan', 'Learn about Japan', 'Let\'s explore Japan!', 'A1', 'lessons/japan.jpg', 'travel/japan-intro.mp3', false, true, 31, NOW(), NOW(), 'vocabulary', 'easy', 10),
(32, 'Lesson 32: Korea', 'Learn about Korea', 'Let\'s explore Korea!', 'A1', 'lessons/korea.jpg', 'travel/korea-intro.mp3', false, true, 32, NOW(), NOW(), 'vocabulary', 'easy', 10),
(33, 'Lesson 33: Thailand', 'Learn about Thailand', 'Let\'s explore Thailand!', 'A1', 'lessons/thailand.jpg', 'travel/thailand-intro.mp3', false, true, 33, NOW(), NOW(), 'vocabulary', 'easy', 10),
(34, 'Lesson 34: Laos', 'Learn about Laos', 'Let\'s explore Laos!', 'A1', 'lessons/laos.jpg', 'travel/laos-intro.mp3', false, true, 34, NOW(), NOW(), 'vocabulary', 'easy', 10),
(35, 'Lesson 35: Cambodia', 'Learn about Cambodia', 'Let\'s explore Cambodia!', 'A1', 'lessons/cambodia.jpg', 'travel/cambodia-intro.mp3', false, true, 35, NOW(), NOW(), 'vocabulary', 'easy', 10),
(36, 'Lesson 36: Malaysia', 'Learn about Malaysia', 'Let\'s explore Malaysia!', 'A1', 'lessons/malaysia.jpg', 'travel/malaysia-intro.mp3', false, true, 36, NOW(), NOW(), 'vocabulary', 'easy', 10),
(37, 'Lesson 37: Singapore', 'Learn about Singapore', 'Let\'s explore Singapore!', 'A1', 'lessons/singapore.jpg', 'travel/singapore-intro.mp3', false, true, 37, NOW(), NOW(), 'vocabulary', 'easy', 10),
(38, 'Lesson 38: Philippines', 'Learn about the Philippines', 'Let\'s explore the Philippines!', 'A1', 'lessons/philippines.jpg', 'travel/philippines-intro.mp3', false, true, 38, NOW(), NOW(), 'vocabulary', 'easy', 10),
(39, 'Lesson 39: Indonesia', 'Learn about Indonesia', 'Let\'s explore Indonesia!', 'A1', 'lessons/indonesia.jpg', 'travel/indonesia-intro.mp3', false, true, 39, NOW(), NOW(), 'vocabulary', 'easy', 10),
(40, 'Lesson 40: Myanmar', 'Learn about Myanmar', 'Let\'s explore Myanmar!', 'A1', 'lessons/myanmar.jpg', 'travel/myanmar-intro.mp3', false, true, 40, NOW(), NOW(), 'vocabulary', 'easy', 10);

-- EXERCISES
INSERT INTO exercises (id, lesson_id, title, description, type, level, question, correct_answer, options, explanation, difficulty_level, points, time_limit_seconds, audio_url, image_url, order_index, is_premium, is_active, created_at, updated_at) VALUES
(1, 1, 'Exercise 1', 'Choose the correct greeting.', 'multiple_choice', 'A1', 'Which is a common English greeting?', 'A', '["A. Hello", "B. Goodbye", "C. Thanks", "D. Please"]', 'Hello is a common greeting.', 'easy', 1, 60, 'greetings/hello.mp3', 'exercises/ex1.jpg', 1, false, true, NOW(), NOW()),
(2, 1, 'Exercise 2', 'Match the greeting with the language.', 'matching', 'A1', 'Match the following:', '1-A, 2-B', '["1. Hello", "2. Goodbye"]', '1-A, 2-B is correct.', 'easy', 1, 120, 'greetings/match.mp3', 'exercises/ex2.jpg', 2, false, true, NOW(), NOW()),
(3, 1, 'Exercise 3', 'Fill in the blank: "___! How are you?"', 'fill_in_the_blank', 'A1', 'Complete the greeting.', 'Hello', '["Hi", "Hello", "Hey", "Greetings"]', 'Hello is the correct greeting.', 'easy', 1, 30, 'greetings/fill.mp3', 'exercises/ex3.jpg', 3, false, true, NOW(), NOW()),
(4, 2, 'Exercise 4', 'Choose the correct number.', 'multiple_choice', 'A1', 'How do you say "1" in English?', 'A', '["A. One", "B. Two", "C. Three", "D. Four"]', 'One is the first number.', 'easy', 1, 60, 'numbers/one.mp3', 'exercises/ex4.jpg', 1, false, true, NOW(), NOW()),
(5, 2, 'Exercise 5', 'Match the number with the word.', 'matching', 'A1', 'Match the following numbers:', '1-A, 2-B', '["1. One", "2. Two"]', '1-A, 2-B is correct.', 'easy', 1, 120, 'numbers/match.mp3', 'exercises/ex5.jpg', 2, false, true, NOW(), NOW()),
(6, 2, 'Exercise 6', 'Fill in the blank: "I have ___ apples."', 'fill_in_the_blank', 'A1', 'Complete the sentence.', 'two', '["one", "two", "three", "four"]', 'Two is the correct number.', 'easy', 1, 30, 'numbers/fill.mp3', 'exercises/ex6.jpg', 3, false, true, NOW(), NOW()),
(7, 3, 'Exercise 7', 'Choose the correct color.', 'multiple_choice', 'A1', 'What color is the sky on a clear day?', 'A', '["A. Blue", "B. Green", "C. Red", "D. Yellow"]', 'Blue is the color of the clear sky.', 'easy', 1, 60, 'colors/blue.mp3', 'exercises/ex7.jpg', 1, false, true, NOW(), NOW()),
(8, 3, 'Exercise 8', 'Match the color with the object.', 'matching', 'A1', 'Match the following colors:', '1-A, 2-B', '["1. Red", "2. Blue"]', '1-A, 2-B is correct.', 'easy', 1, 120, 'colors/match.mp3', 'exercises/ex8.jpg', 2, false, true, NOW(), NOW()),
(9, 3, 'Exercise 9', 'Fill in the blank: "The grass is ___."', 'fill_in_the_blank', 'A1', 'Complete the sentence.', 'green', '["brown", "green", "blue", "yellow"]', 'Green is the color of the grass.', 'easy', 1, 30, 'colors/fill.mp3', 'exercises/ex9.jpg', 3, false, true, NOW(), NOW()),
(10, 4, 'Exercise 10', 'Choose the correct family member.', 'multiple_choice', 'A1', 'Who is your brother or sister\'s child?', 'A', '["A. Niece", "B. Nephew", "C. Cousin", "D. Sibling"]', 'Cousin is the child of your uncle or aunt.', 'easy', 1, 60, 'family/cousin.mp3', 'exercises/ex10.jpg', 1, false, true, NOW(), NOW()),
(11, 4, 'Exercise 11', 'Match the family member with the description.', 'matching', 'A1', 'Match the following family members:', '1-A, 2-B', '["1. Mother", "2. Father"]', '1-A, 2-B is correct.', 'easy', 1, 120, 'family/match.mp3', 'exercises/ex11.jpg', 2, false, true, NOW(), NOW()),
(12, 4, 'Exercise 12', 'Fill in the blank: "This is my ___."', 'fill_in_the_blank', 'A1', 'Complete the sentence.', 'mother', '["mother", "father", "sister", "brother"]', 'Mother is the correct family member.', 'easy', 1, 30, 'family/fill.mp3', 'exercises/ex12.jpg', 3, false, true, NOW(), NOW()),
(13, 5, 'Exercise 13', 'Choose the correct food.', 'multiple_choice', 'A1', 'What is a common breakfast food?', 'A', '["A. Bread", "B. Shirt", "C. Car", "D. House"]', 'Bread is a common breakfast food.', 'easy', 1, 60, 'food/bread.mp3', 'exercises/ex13.jpg', 1, false, true, NOW(), NOW()),
(14, 5, 'Exercise 14', 'Match the food with the category.', 'matching', 'A1', 'Match the following foods:', '1-A, 2-B', '["1. Apple", "2. Carrot"]', '1-A, 2-B is correct.', 'easy', 1, 120, 'food/match.mp3', 'exercises/ex14.jpg', 2, false, true, NOW(), NOW()),
(15, 5, 'Exercise 15', 'Fill in the blank: "I like to eat ___."', 'fill_in_the_blank', 'A1', 'Complete the sentence.', 'pizza', '["burger", "pizza", "salad", "soup"]', 'Pizza is the correct food.', 'easy', 1, 30, 'food/fill.mp3', 'exercises/ex15.jpg', 3, false, true, NOW(), NOW()),
(16, 6, 'Exercise 16', 'Choose the correct hobby.', 'multiple_choice', 'A1', 'What is a common indoor hobby?', 'A', '["A. Reading", "B. Running", "C. Swimming", "D. Cycling"]', 'Reading is a common indoor hobby.', 'easy', 1, 60, 'hobbies/reading.mp3', 'exercises/ex16.jpg', 1, false, true, NOW(), NOW()),
(17, 6, 'Exercise 17', 'Match the hobby with the activity.', 'matching', 'A1', 'Match the following hobbies:', '1-A, 2-B', '["1. Painting", "2. Singing"]', '1-A, 2-B is correct.', 'easy', 1, 120, 'hobbies/match.mp3', 'exercises/ex17.jpg', 2, false, true, NOW(), NOW()),
(18, 6, 'Exercise 18', 'Fill in the blank: "I enjoy ___ on weekends."', 'fill_in_the_blank', 'A1', 'Complete the sentence.', 'jogging', '["jogging", "sleeping", "working", "studying"]', 'Jogging is a common weekend activity.', 'easy', 1, 30, 'hobbies/fill.mp3', 'exercises/ex18.jpg', 3, false, true, NOW(), NOW()),
(19, 7, 'Exercise 19', 'Choose the correct travel destination.', 'multiple_choice', 'A1', 'Where can you see the Eiffel Tower?', 'A', '["A. Paris", "B. London", "C. New York", "D. Tokyo"]', 'The Eiffel Tower is in Paris.', 'easy', 1, 60, 'travel/paris.mp3', 'exercises/ex19.jpg', 1, false, true, NOW(), NOW()),
(20, 7, 'Exercise 20', 'Match the destination with the country.', 'matching', 'A1', 'Match the following destinations:', '1-A, 2-B', '["1. Statue of Liberty", "2. Big Ben"]', '1-A, 2-B is correct.', 'easy', 1, 120, 'travel/match.mp3', 'exercises/ex20.jpg', 2, false, true, NOW(), NOW()),
(21, 7, 'Exercise 21', 'Fill in the blank: "I want to visit ___."', 'fill_in_the_blank', 'A1', 'Complete the sentence.', 'Japan', '["Japan", "Brazil", "Canada", "Australia"]', 'Japan is a popular travel destination.', 'easy', 1, 30, 'travel/fill.mp3', 'exercises/ex21.jpg', 3, false, true, NOW(), NOW()),
(22, 8, 'Exercise 22', 'Choose the correct job.', 'multiple_choice', 'A1', 'What does a teacher do?', 'A', '["A. Teaches", "B. Sings", "C. Dances", "D. Paints"]', 'A teacher teaches students.', 'easy', 1, 60, 'work/teacher.mp3', 'exercises/ex22.jpg', 1, false, true, NOW(), NOW()),
(23, 8, 'Exercise 23', 'Match the job with the description.', 'matching', 'A1', 'Match the following jobs:', '1-A, 2-B', '["1. Doctor", "2. Engineer"]', '1-A, 2-B is correct.', 'easy', 1, 120, 'work/match.mp3', 'exercises/ex23.jpg', 2, false, true, NOW(), NOW()),
(24, 8, 'Exercise 24', 'Fill in the blank: "I am a ___."', 'fill_in_the_blank', 'A1', 'Complete the sentence.', 'developer', '["teacher", "doctor", "developer", "nurse"]', 'Developer is a common job in tech.', 'easy', 1, 30, 'work/fill.mp3', 'exercises/ex24.jpg', 3, false, true, NOW(), NOW()),
(25, 9, 'Exercise 25', 'Choose the correct daily routine.', 'multiple_choice', 'A1', 'What do you do first in the morning?', 'A', '["A. Wake up", "B. Go to bed", "C. Eat dinner", "D. Take a shower"]', 'You wake up first thing in the morning.', 'easy', 1, 60, 'routine/wake.mp3', 'exercises/ex25.jpg', 1, false, true, NOW(), NOW()),
(26, 9, 'Exercise 26', 'Match the routine with the time.', 'matching', 'A1', 'Match the following routines:', '1-A, 2-B', '["1. Breakfast", "2. Lunch"]', '1-A, 2-B is correct.', 'easy', 1, 120, 'routine/match.mp3', 'exercises/ex26.jpg', 2, false, true, NOW(), NOW()),
(27, 9, 'Exercise 27', 'Fill in the blank: "I usually ___ at 7 AM."', 'fill_in_the_blank', 'A1', 'Complete the sentence.', 'wake up', '["eat", "sleep", "wake up", "work"]', 'Wake up is the correct action.', 'easy', 1, 30, 'routine/fill.mp3', 'exercises/ex27.jpg', 3, false, true, NOW(), NOW()),
(28, 10, 'Exercise 28', 'Choose the correct weather description.', 'multiple_choice', 'A1', 'How is the weather when it\'s raining?', 'A', '["A. Wet", "B. Dry", "C. Hot", "D. Cold"]', 'Wet is the correct description for rainy weather.', 'easy', 1, 60, 'weather/rain.mp3', 'exercises/ex28.jpg', 1, false, true, NOW(), NOW()),
(29, 10, 'Exercise 29', 'Match the weather with the activity.', 'matching', 'A1', 'Match the following weathers:', '1-A, 2-B', '["1. Sunny", "2. Snowy"]', '1-A, 2-B is correct.', 'easy', 1, 120, 'weather/match.mp3', 'exercises/ex29.jpg', 2, false, true, NOW(), NOW()),
(30, 10, 'Exercise 30', 'Fill in the blank: "It\'s ___ today, take an umbrella."', 'fill_in_the_blank', 'A1', 'Complete the sentence.', 'raining', '["snowing", "raining", "sunny", "cloudy"]', 'Raining is the correct weather condition.', 'easy', 1, 30, 'weather/fill.mp3', 'exercises/ex30.jpg', 3, false, true, NOW(), NOW()),
(31, 11, 'Exercise 31', 'Choose the correct sport.', 'multiple_choice', 'A1', 'What sport uses a racket and ball?', 'A', '["A. Tennis", "B. Football", "C. Basketball", "D. Baseball"]', 'Tennis is played with a racket and ball.', 'easy', 1, 60, 'sports/tennis.mp3', 'exercises/ex31.jpg', 1, false, true, NOW(), NOW()),
(32, 11, 'Exercise 32', 'Match the sport with the equipment.', 'matching', 'A1', 'Match the following sports:', '1-A, 2-B', '["1. Golf", "2. Swimming"]', '1-A, 2-B is correct.', 'easy', 1, 120, 'sports/match.mp3', 'exercises/ex32.jpg', 2, false, true, NOW(), NOW()),
(33, 11, 'Exercise 33', 'Fill in the blank: "I play ___ on weekends."', 'fill_in_the_blank', 'A1', 'Complete the sentence.', 'football', '["tennis", "football", "golf", "swimming"]', 'Football is a popular weekend sport.', 'easy', 1, 30, 'sports/fill.mp3', 'exercises/ex33.jpg', 3, false, true, NOW(), NOW()),
(34, 12, 'Exercise 34', 'Choose the correct music genre.', 'multiple_choice', 'A1', 'What genre is Beethoven\'s music?', 'A', '["A. Classical", "B. Rock", "C. Jazz", "D. Pop"]', 'Beethoven is known for classical music.', 'easy', 1, 60, 'music/classical.mp3', 'exercises/ex34.jpg', 1, false, true, NOW(), NOW()),
(35, 12, 'Exercise 35', 'Match the music genre with the description.', 'matching', 'A1', 'Match the following genres:', '1-A, 2-B', '["1. Rock", "2. Jazz"]', '1-A, 2-B is correct.', 'easy', 1, 120, 'music/match.mp3', 'exercises/ex35.jpg', 2, false, true, NOW(), NOW()),
(36, 12, 'Exercise 36', 'Fill in the blank: "I love ___ music."', 'fill_in_the_blank', 'A1', 'Complete the sentence.', 'rock', '["pop", "rock", "jazz", "classical"]', 'Rock is my favorite music genre.', 'easy', 1, 30, 'music/fill.mp3', 'exercises/ex36.jpg', 3, false, true, NOW(), NOW()),
(37, 13, 'Exercise 37', 'Choose the correct movie genre.', 'multiple_choice', 'A1', 'What genre is "The Godfather"?', 'A', '["A. Action", "B. Drama", "C. Comedy", "D. Horror"]', 'The Godfather is a famous drama film.', 'easy', 1, 60, 'movies/drama.mp3', 'exercises/ex37.jpg', 1, false, true, NOW(), NOW()),
(38, 13, 'Exercise 38', 'Match the movie with the actor.', 'matching', 'A1', 'Match the following movies:', '1-A, 2-B', '["1. Titanic", "2. Avatar"]', '1-A, 2-B is correct.', 'easy', 1, 120, 'movies/match.mp3', 'exercises/ex38.jpg', 2, false, true, NOW(), NOW()),
(39, 13, 'Exercise 39', 'Fill in the blank: "My favorite movie is ___."', 'fill_in_the_blank', 'A1', 'Complete the sentence.', 'Inception', '["Avatar", "Inception", "Titanic", "Godfather"]', 'Inception is a popular movie.', 'easy', 1, 30, 'movies/fill.mp3', 'exercises/ex39.jpg', 3, false, true, NOW(), NOW()),
(40, 14, 'Exercise 40', 'Choose the correct book genre.', 'multiple_choice', 'A1', 'What genre is "1984" by George Orwell?', 'A', '["A. Fiction", "B. Non-Fiction", "C. Mystery", "D. Fantasy"]', '"1984" is a famous dystopian fiction.', 'easy', 1, 60, 'books/fiction.mp3', 'exercises/ex40.jpg', 1, false, true, NOW(), NOW()),
(41, 14, 'Exercise 41', 'Match the book with the author.', 'matching', 'A1', 'Match the following books:', '1-A, 2-B', '["1. Moby Dick", "2. War and Peace"]', '1-A, 2-B is correct.', 'easy', 1, 120, 'books/match.mp3', 'exercises/ex41.jpg', 2, false, true, NOW(), NOW()),
(42, 14, 'Exercise 42', 'Fill in the blank: "I enjoy reading ___."', 'fill_in_the_blank', 'A1', 'Complete the sentence.', 'fiction', '["non-fiction", "fiction", "biography", "history"]', 'Fiction is a popular book genre.', 'easy', 1, 30, 'books/fill.mp3', 'exercises/ex42.jpg', 3, false, true, NOW(), NOW()),
(43, 15, 'Exercise 43', 'Choose the correct art style.', 'multiple_choice', 'A1', 'What style is "Starry Night" by Van Gogh?', 'A', '["A. Impressionism", "B. Cubism", "C. Surrealism", "D. Abstract"]', '"Starry Night" is an example of Impressionism.', 'easy', 1, 60, 'art/impressionism.mp3', 'exercises/ex43.jpg', 1, false, true, NOW(), NOW()),
(44, 15, 'Exercise 44', 'Match the artwork with the artist.', 'matching', 'A1', 'Match the following artworks:', '1-A, 2-B', '["1. The Persistence of Memory", "2. The Scream"]', '1-A, 2-B is correct.', 'easy', 1, 120, 'art/match.mp3', 'exercises/ex44.jpg', 2, false, true, NOW(), NOW()),
(45, 15, 'Exercise 45', 'Fill in the blank: "This painting is in the ___ style."', 'fill_in_the_blank', 'A1', 'Complete the sentence.', 'abstract', '["realism", "abstract", "impressionism", "cubism"]', 'Abstract is a popular art style.', 'easy', 1, 30, 'art/fill.mp3', 'exercises/ex45.jpg', 3, false, true, NOW(), NOW()),
(46, 16, 'Exercise 46', 'Choose the correct nature element.', 'multiple_choice', 'A1', 'What do trees produce?', 'A', '["A. Oxygen", "B. Carbon Dioxide", "C. Nitrogen", "D. Hydrogen"]', 'Trees produce oxygen.', 'easy', 1, 60, 'nature/oxygen.mp3', 'exercises/ex46.jpg', 1, false, true, NOW(), NOW()),
(47, 16, 'Exercise 47', 'Match the nature element with the description.', 'matching', 'A1', 'Match the following elements:', '1-A, 2-B', '["1. Water", "2. Fire"]', '1-A, 2-B is correct.', 'easy', 1, 120, 'nature/match.mp3', 'exercises/ex47.jpg', 2, false, true, NOW(), NOW()),
(48, 16, 'Exercise 48', 'Fill in the blank: "The earth is ___."', 'fill_in_the_blank', 'A1', 'Complete the sentence.', 'round', '["flat", "round", "square", "oval"]', 'Round is the correct shape of the earth.', 'easy', 1, 30, 'nature/fill.mp3', 'exercises/ex48.jpg', 3, false, true, NOW(), NOW()),
(49, 17, 'Exercise 49', 'Choose the correct technology.', 'multiple_choice', 'A1', 'What device do we use to make calls?', 'A', '["A. Telephone", "B. Television", "C. Radio", "D. Computer"]', 'We use a telephone to make calls.', 'easy', 1, 60, 'technology/telephone.mp3', 'exercises/ex49.jpg', 1, false, true, NOW(), NOW()),
(50, 17, 'Exercise 50', 'Match the technology with the function.', 'matching', 'A1', 'Match the following technologies:', '1-A, 2-B', '["1. Microwave", "2. Refrigerator"]', '1-A, 2-B is correct.', 'easy', 1, 120, 'technology/match.mp3', 'exercises/ex50.jpg', 2, false, true, NOW(), NOW()),
(51, 17, 'Exercise 51', 'Fill in the blank: "I use my ___ to browse the internet."', 'fill_in_the_blank', 'A1', 'Complete the sentence.', 'computer', '["tablet", "computer", "phone", "watch"]', 'Computer is the correct device for browsing.', 'easy', 1, 30, 'technology/fill.mp3', 'exercises/ex51.jpg', 3, false, true, NOW(), NOW()),
(52, 18, 'Exercise 52', 'Choose the correct health activity.', 'multiple_choice', 'A1', 'What should you do to stay healthy?', 'A', '["A. Exercise", "B. Sit all day", "C. Eat junk food", "D. Sleep late"]', 'Exercise is important for health.', 'easy', 1, 60, 'health/exercise.mp3', 'exercises/ex52.jpg', 1, false, true, NOW(), NOW()),
(53, 18, 'Exercise 53', 'Match the health activity with the benefit.', 'matching', 'A1', 'Match the following activities:', '1-A, 2-B', '["1. Running", "2. Reading"]', '1-A, 2-B is correct.', 'easy', 1, 120, 'health/match.mp3', 'exercises/ex53.jpg', 2, false, true, NOW(), NOW()),
(54, 18, 'Exercise 54', 'Fill in the blank: "I feel great when I ___."', 'fill_in_the_blank', 'A1', 'Complete the sentence.', 'exercise', '["eat", "sleep", "exercise", "work"]', 'Exercise is the correct activity.', 'easy', 1, 30, 'health/fill.mp3', 'exercises/ex54.jpg', 3, false, true, NOW(), NOW()),
(55, 19, 'Exercise 55', 'Choose the correct education level.', 'multiple_choice', 'A1', 'What do you call a place where you learn?', 'A', '["A. School", "B. Hospital", "C. Office", "D. Factory"]', 'School is where you learn.', 'easy', 1, 60, 'education/school.mp3', 'exercises/ex55.jpg', 1, false, true, NOW(), NOW()),
(56, 19, 'Exercise 56', 'Match the education level with the description.', 'matching', 'A1', 'Match the following levels:', '1-A, 2-B', '["1. Primary", "2. Secondary"]', '1-A, 2-B is correct.', 'easy', 1, 120, 'education/match.mp3', 'exercises/ex56.jpg', 2, false, true, NOW(), NOW()),
(57, 19, 'Exercise 57', 'Fill in the blank: "I study at a ___."', 'fill_in_the_blank', 'A1', 'Complete the sentence.', 'university', '["school", "college", "university", "institute"]', 'University is a higher education institution.', 'easy', 1, 30, 'education/fill.mp3', 'exercises/ex57.jpg', 3, false, true, NOW(), NOW()),
(58, 20, 'Exercise 58', 'Choose the correct shopping item.', 'multiple_choice', 'A1', 'What do you need to buy to cook pasta?', 'A', '["A. Noodles", "B. Bread", "C. Rice", "D. Flour"]', 'Noodles are used to cook pasta.', 'easy', 1, 60, 'shopping/noodles.mp3', 'exercises/ex58.jpg', 1, false, true, NOW(), NOW()),
(59, 20, 'Exercise 59', 'Match the shopping item with the category.', 'matching', 'A1', 'Match the following items:', '1-A, 2-B', '["1. Apple", "2. Carrot"]', '1-A, 2-B is correct.', 'easy', 1, 120, 'shopping/match.mp3', 'exercises/ex59.jpg', 2, false, true, NOW(), NOW()),
(60, 20, 'Exercise 60', 'Fill in the blank: "I need to buy ___ from the store."', 'fill_in_the_blank', 'A1', 'Complete the sentence.', 'milk', '["bread", "milk", "eggs", "cheese"]', 'Milk is a common grocery item.', 'easy', 1, 30, 'shopping/fill.mp3', 'exercises/ex60.jpg', 3, false, true, NOW(), NOW()),
(61, 21, 'Exercise 61', 'Choose the correct transportation.', 'multiple_choice', 'A1', 'What vehicle do you drive on the road?', 'A', '["A. Car", "B. Boat", "C. Plane", "D. Train"]', 'A car is driven on the road.', 'easy', 1, 60, 'transportation/car.mp3', 'exercises/ex61.jpg', 1, false, true, NOW(), NOW()),
(62, 21, 'Exercise 62', 'Match the transportation with the description.', 'matching', 'A1', 'Match the following vehicles:', '1-A, 2-B', '["1. Bicycle", "2. Motorcycle"]', '1-A, 2-B is correct.', 'easy', 1, 120, 'transportation/match.mp3', 'exercises/ex62.jpg', 2, false, true, NOW(), NOW()),
(63, 21, 'Exercise 63', 'Fill in the blank: "I go to work by ___."', 'fill_in_the_blank', 'A1', 'Complete the sentence.', 'bus', '["car", "bus", "train", "bike"]', 'Bus is a common transportation mode.', 'easy', 1, 30, 'transportation/fill.mp3', 'exercises/ex63.jpg', 3, false, true, NOW(), NOW()),
(64, 22, 'Exercise 64', 'Choose the correct communication tool.', 'multiple_choice', 'A1', 'What do you use to send an email?', 'A', '["A. Computer", "B. Refrigerator", "C. Washing Machine", "D. Microwave"]', 'You use a computer to send an email.', 'easy', 1, 60, 'communication/computer.mp3', 'exercises/ex64.jpg', 1, false, true, NOW(), NOW()),
(65, 22, 'Exercise 65', 'Match the communication tool with the function.', 'matching', 'A1', 'Match the following tools:', '1-A, 2-B', '["1. Phone", "2. Camera"]', '1-A, 2-B is correct.', 'easy', 1, 120, 'communication/match.mp3', 'exercises/ex65.jpg', 2, false, true, NOW(), NOW()),
(66, 22, 'Exercise 66', 'Fill in the blank: "I use my ___ to call my friend."', 'fill_in_the_blank', 'A1', 'Complete the sentence.', 'phone', '["tablet", "phone", "computer", "watch"]', 'Phone is the correct device to call.', 'easy', 1, 30, 'communication/fill.mp3', 'exercises/ex66.jpg', 3, false, true, NOW(), NOW()),
(67, 23, 'Exercise 67', 'Choose the correct environment action.', 'multiple_choice', 'A1', 'What should you do to help the planet?', 'A', '["A. Recycle", "B. Waste", "C. Pollute", "D. Ignore"]', 'Recycle to help the environment.', 'easy', 1, 60, 'environment/recycle.mp3', 'exercises/ex67.jpg', 1, false, true, NOW(), NOW()),
(68, 23, 'Exercise 68', 'Match the environment action with the benefit.', 'matching', 'A1', 'Match the following actions:', '1-A, 2-B', '["1. Planting trees", "2. Driving cars"]', '1-A, 2-B is correct.', 'easy', 1, 120, 'environment/match.mp3', 'exercises/ex68.jpg', 2, false, true, NOW(), NOW()),
(69, 23, 'Exercise 69', 'Fill in the blank: "We should ___ the earth."', 'fill_in_the_blank', 'A1', 'Complete the sentence.', 'protect', '["destroy", "ignore", "pollute", "protect"]', 'Protect is the correct action for the earth.', 'easy', 1, 30, 'environment/fill.mp3', 'exercises/ex69.jpg', 3, false, true, NOW(), NOW()),
(70, 24, 'Exercise 70', 'Choose the correct society aspect.', 'multiple_choice', 'A1', 'What is an important aspect of society?', 'A', '["A. Community", "B. Isolation", "C. Conflict", "D. Ignorance"]', 'Community is important in society.', 'easy', 1, 60, 'society/community.mp3', 'exercises/ex70.jpg', 1, false, true, NOW(), NOW()),
(71, 24, 'Exercise 71', 'Match the society aspect with the description.', 'matching', 'A1', 'Match the following aspects:', '1-A, 2-B', '["1. Education", "2. Propaganda"]', '1-A, 2-B is correct.', 'easy', 1, 120, 'society/match.mp3', 'exercises/ex71.jpg', 2, false, true, NOW(), NOW()),
(72, 24, 'Exercise 72', 'Fill in the blank: "In my society, we value ___."', 'fill_in_the_blank', 'A1', 'Complete the sentence.', 'education', '["education", "ignorance", "conflict", "poverty"]', 'Education is valued in society.', 'easy', 1, 30, 'society/fill.mp3', 'exercises/ex72.jpg', 3, false, true, NOW(), NOW()),
(73, 25, 'Exercise 73', 'Choose the correct culture element.', 'multiple_choice', 'A1', 'What is a common Vietnamese dish?', 'A', '["A. Pho", "B. Sushi", "C. Pasta", "D. Tacos"]', 'Pho is a traditional Vietnamese dish.', 'easy', 1, 60, 'culture/pho.mp3', 'exercises/ex73.jpg', 1, false, true, NOW(), NOW()),
(74, 25, 'Exercise 74', 'Match the culture element with the description.', 'matching', 'A1', 'Match the following elements:', '1-A, 2-B', '["1. Kimono", "2. Ao Dai"]', '1-A, 2-B is correct.', 'easy', 1, 120, 'culture/match.mp3', 'exercises/ex74.jpg', 2, false, true, NOW(), NOW()),
(75, 25, 'Exercise 75', 'Fill in the blank: "My favorite food is ___."', 'fill_in_the_blank', 'A1', 'Complete the sentence.', 'pho', '["sushi", "pho", "pasta", "tacos"]', 'Pho is a popular Vietnamese food.', 'easy', 1, 30, 'culture/fill.mp3', 'exercises/ex75.jpg', 3, false, true, NOW(), NOW()),
(76, 26, 'Exercise 76', 'What is the primary language in Vietnam?', 'multiple_choice', 'A1', 'What is the primary language in Vietnam?', 'A', '["A. Vietnamese", "B. English", "C. French", "D. Chinese"]', 'Vietnamese is the official language of Vietnam.', 'easy', 1, 60, 'vietnamese/language.mp3', 'exercises/ex76.jpg', 1, false, true, NOW(), NOW()),
(77, 27, 'Exercise 77', 'What is the capital of Indonesia?', 'multiple_choice', 'A1', 'What is the capital of Indonesia?', 'A', '["A. Jakarta", "B. Bali", "C. Sumatra", "D. Kalimantan"]', 'Jakarta is the capital of Indonesia.', 'easy', 1, 60, 'indonesia/capital.mp3', 'exercises/ex77.jpg', 1, false, true, NOW(), NOW()),
(78, 28, 'Exercise 78', 'What is the main ingredient in a Banh Mi?', 'multiple_choice', 'A1', 'What is the main ingredient in a Banh Mi?', 'A', '["A. Bread", "B. Rice", "C. Noodles", "D. Potato"]', 'Bread is the main ingredient in a Banh Mi.', 'easy', 1, 60, 'banhmi/ingredient.mp3', 'exercises/ex78.jpg', 1, false, true, NOW(), NOW()),
(79, 29, 'Exercise 79', 'What is the capital of Malaysia?', 'multiple_choice', 'A1', 'What is the capital of Malaysia?', 'A', '["A. Kuala Lumpur", "B. Penang", "C. Malacca", "D. Sabah"]', 'Kuala Lumpur is the capital of Malaysia.', 'easy', 1, 60, 'malaysia/capital.mp3', 'exercises/ex79.jpg', 1, false, true, NOW(), NOW()),
(80, 30, 'Exercise 80', 'What is the primary gas in a scuba tank?', 'multiple_choice', 'A1', 'What is the primary gas in a scuba tank?', 'B', '["A. Oxygen", "B. Nitrogen", "C. Helium", "D. Carbon Dioxide"]', 'Nitrogen is used in scuba tanks.', 'easy', 1, 60, 'scuba/gas.mp3', 'exercises/ex80.jpg', 1, false, true, NOW(), NOW()),
(81, 31, 'Exercise 81', 'What is the capital of the Philippines?', 'multiple_choice', 'A1', 'What is the capital of the Philippines?', 'A', '["A. Manila", "B. Cebu", "C. Davao", "D. Quezon City"]', 'Manila is the capital of the Philippines.', 'easy', 1, 60, 'philippines/capital.mp3', 'exercises/ex81.jpg', 1, false, true, NOW(), NOW()),
(82, 32, 'Exercise 82', 'What is the main ingredient in a Kimchi?', 'multiple_choice', 'A1', 'What is the main ingredient in a Kimchi?', 'A', '["A. Cabbage", "B. Radish", "C. Garlic", "D. Ginger"]', 'Cabbage is the main ingredient in a Kimchi.', 'easy', 1, 60, 'kimchi/ingredient.mp3', 'exercises/ex82.jpg', 1, false, true, NOW(), NOW()),
(83, 33, 'Exercise 83', 'What is the capital of Singapore?', 'multiple_choice', 'A1', 'What is the capital of Singapore?', 'D', '["A. Kuala Lumpur", "B. Bangkok", "C. Hanoi", "D. Singapore"]', 'Singapore is the capital of Singapore.', 'easy', 1, 60, 'singapore/capital.mp3', 'exercises/ex83.jpg', 1, false, true, NOW(), NOW()),
(84, 34, 'Exercise 84', 'What is the primary language in Singapore?', 'multiple_choice', 'A1', 'What is the primary language in Singapore?', 'D', '["A. Mandarin", "B. Malay", "C. Tamil", "D. English"]', 'English is one of the official languages of Singapore.', 'easy', 1, 60, 'singapore/language.mp3', 'exercises/ex84.jpg', 1, false, true, NOW(), NOW()),
(85, 35, 'Exercise 85', 'What is the capital of Brunei?', 'multiple_choice', 'A1', 'What is the capital of Brunei?', 'A', '["A. Bandar Seri Begawan", "B. Kuala Lumpur", "C. Jakarta", "D. Manila"]', 'Bandar Seri Begawan is the capital of Brunei.', 'easy', 1, 60, 'brunei/capital.mp3', 'exercises/ex85.jpg', 1, false, true, NOW(), NOW()),
(86, 36, 'Exercise 86', 'What is the main ingredient in a Laksa?', 'multiple_choice', 'A1', 'What is the main ingredient in a Laksa?', 'A', '["A. Noodles", "B. Rice", "C. Bread", "D. Potato"]', 'Noodles are the main ingredient in a Laksa.', 'easy', 1, 60, 'laksa/ingredient.mp3', 'exercises/ex86.jpg', 1, false, true, NOW(), NOW()),
(87, 37, 'Exercise 87', 'What is the capital of Myanmar?', 'multiple_choice', 'A1', 'What is the capital of Myanmar?', 'B', '["A. Yangon", "B. Naypyidaw", "C. Mandalay", "D. Bagan"]', 'Naypyidaw is the capital of Myanmar.', 'easy', 1, 60, 'myanmar/capital.mp3', 'exercises/ex87.jpg', 1, false, true, NOW(), NOW()),
(88, 38, 'Exercise 88', 'What is the primary language in Myanmar?', 'multiple_choice', 'A1', 'What is the primary language in Myanmar?', 'A', '["A. Burmese", "B. Thai", "C. Lao", "D. Khmer"]', 'Burmese is the official language of Myanmar.', 'easy', 1, 60, 'myanmar/language.mp3', 'exercises/ex88.jpg', 1, false, true, NOW(), NOW()),
(89, 39, 'Exercise 89', 'What is the capital of Cambodia?', 'multiple_choice', 'A1', 'What is the capital of Cambodia?', 'A', '["A. Phnom Penh", "B. Siem Reap", "C. Battambang", "D. Sihanoukville"]', 'Phnom Penh is the capital of Cambodia.', 'easy', 1, 60, 'cambodia/capital.mp3', 'exercises/ex89.jpg', 1, false, true, NOW(), NOW()),
(90, 40, 'Exercise 90', 'What is the main ingredient in a Pho?', 'multiple_choice', 'A1', 'What is the main ingredient in a Pho?', 'A', '["A. Noodles", "B. Rice", "C. Bread", "D. Potato"]', 'Noodles are the main ingredient in a Pho.', 'easy', 1, 60, 'pho/ingredient.mp3', 'exercises/ex90.jpg', 1, false, true, NOW(), NOW());

-- QUESTIONS
INSERT INTO questions (id, exercise_id, question_text, option_a, option_b, option_c, option_d, correct_answer, explanation, points, question_order, is_active, created_at, updated_at) VALUES
(1, 1, 'What does "Hello" mean?', 'Xin chào', 'Tạm biệt', 'Cảm ơn', 'Xin lỗi', 'A', 'Hello means Xin chào.', 1, 1, true, NOW(), NOW()),
(2, 2, 'What is the capital of France?', 'Berlin', 'Madrid', 'Paris', 'Rome', 'C', 'Paris is the capital of France.', 1, 1, true, NOW(), NOW()),
(3, 3, 'What color is a banana?', 'Red', 'Green', 'Yellow', 'Blue', 'C', 'A banana is yellow when ripe.', 1, 1, true, NOW(), NOW()),
(4, 4, 'What is the opposite of "hot"?', 'Warm', 'Cool', 'Cold', 'Freezing', 'C', 'Cold is the opposite of hot.', 1, 1, true, NOW(), NOW()),
(5, 5, 'How many continents are there?', 'Five', 'Six', 'Seven', 'Eight', 'C', 'There are seven continents.', 1, 1, true, NOW(), NOW()),
(6, 6, 'What is the largest ocean?', 'Atlantic', 'Indian', 'Arctic', 'Pacific', 'D', 'The Pacific Ocean is the largest.', 1, 1, true, NOW(), NOW()),
(7, 7, 'What is the smallest prime number?', '1', '2', '3', '5', 'B', '2 is the smallest prime number.', 1, 1, true, NOW(), NOW()),
(8, 8, 'What is the capital of Japan?', 'Beijing', 'Seoul', 'Tokyo', 'Bangkok', 'C', 'Tokyo is the capital of Japan.', 1, 1, true, NOW(), NOW()),
(9, 9, 'What is the hardest natural substance on Earth?', 'Gold', 'Iron', 'Diamond', 'Platinum', 'C', 'Diamond is the hardest natural substance.', 1, 1, true, NOW(), NOW()),
(10, 10, 'What is the main ingredient in guacamole?', 'Tomato', 'Onion', 'Avocado', 'Pepper', 'C', 'Avocado is the main ingredient in guacamole.', 1, 1, true, NOW(), NOW()),
(11, 11, 'What sport is known as "the beautiful game"?', 'Basketball', 'Cricket', 'Soccer', 'Tennis', 'C', 'Soccer is known as "the beautiful game".', 1, 1, true, NOW(), NOW()),
(12, 12, 'What is the chemical symbol for gold?', 'Au', 'Ag', 'Pb', 'Fe', 'A', 'Au is the chemical symbol for gold.', 1, 1, true, NOW(), NOW()),
(13, 13, 'What is the capital of Italy?', 'Madrid', 'Rome', 'Paris', 'Berlin', 'B', 'Rome is the capital of Italy.', 1, 1, true, NOW(), NOW()),
(14, 14, 'What is the most widely spoken language in the world?', 'English', 'Mandarin', 'Spanish', 'Hindi', 'B', 'Mandarin is the most widely spoken language.', 1, 1, true, NOW(), NOW()),
(15, 15, 'What is the largest planet in our solar system?', 'Earth', 'Mars', 'Jupiter', 'Saturn', 'C', 'Jupiter is the largest planet.', 1, 1, true, NOW(), NOW()),
(16, 16, 'What is the main language spoken in Brazil?', 'Spanish', 'Portuguese', 'English', 'French', 'B', 'Portuguese is the main language in Brazil.', 1, 1, true, NOW(), NOW()),
(17, 17, 'What is the capital of Canada?', 'Toronto', 'Vancouver', 'Montreal', 'Ottawa', 'D', 'Ottawa is the capital of Canada.', 1, 1, true, NOW(), NOW()),
(18, 18, 'What is the most spoken language in the USA?', 'English', 'Spanish', 'Chinese', 'French', 'A', 'English is the most spoken language in the USA.', 1, 1, true, NOW(), NOW()),
(19, 19, 'What is the capital of Australia?', 'Sydney', 'Melbourne', 'Canberra', 'Brisbane', 'C', 'Canberra is the capital of Australia.', 1, 1, true, NOW(), NOW()),
(20, 20, 'What is the hardest rock?', 'Granite', 'Basalt', 'Diamond', 'Marble', 'C', 'Diamond is the hardest rock.', 1, 1, true, NOW(), NOW()),
(21, 21, 'What is the main ingredient in bread?', 'Flour', 'Sugar', 'Salt', 'Yeast', 'A', 'Flour is the main ingredient in bread.', 1, 1, true, NOW(), NOW()),
(22, 22, 'What is the capital of Germany?', 'Berlin', 'Munich', 'Frankfurt', 'Hamburg', 'A', 'Berlin is the capital of Germany.', 1, 1, true, NOW(), NOW()),
(23, 23, 'What is the primary gas in Earth\'s atmosphere?', 'Oxygen', 'Nitrogen', 'Carbon Dioxide', 'Hydrogen', 'B', 'Nitrogen is the primary gas in Earth\'s atmosphere.', 1, 1, true, NOW(), NOW()),
(24, 24, 'What is the capital of Russia?', 'Moscow', 'St. Petersburg', 'Novosibirsk', 'Yekaterinburg', 'A', 'Moscow is the capital of Russia.', 1, 1, true, NOW(), NOW()),
(25, 25, 'What is the most abundant metal in Earth\'s crust?', 'Iron', 'Aluminum', 'Copper', 'Lead', 'B', 'Aluminum is the most abundant metal in Earth\'s crust.', 1, 1, true, NOW(), NOW()),
(26, 26, 'What is the capital of China?', 'Beijing', 'Shanghai', 'Guangzhou', 'Shenzhen', 'A', 'Beijing is the capital of China.', 1, 1, true, NOW(), NOW()),
(27, 27, 'What is the chemical symbol for water?', 'H2O', 'CO2', 'O2', 'N2', 'A', 'H2O is the chemical formula for water.', 1, 1, true, NOW(), NOW()),
(28, 28, 'What is the capital of Egypt?', 'Cairo', 'Alexandria', 'Giza', 'Luxor', 'A', 'Cairo is the capital of Egypt.', 1, 1, true, NOW(), NOW()),
(29, 29, 'What is the largest desert in the world?', 'Sahara', 'Arabian', 'Gobi', 'Kalahari', 'A', 'The Sahara is the largest hot desert in the world.', 1, 1, true, NOW(), NOW()),
(30, 30, 'What is the capital of South Africa?', 'Cape Town', 'Durban', 'Pretoria', 'Johannesburg', 'C', 'Pretoria is one of the capitals of South Africa.', 1, 1, true, NOW(), NOW()),
(31, 31, 'What is the main ingredient in sushi?', 'Rice', 'Noodles', 'Bread', 'Potato', 'A', 'Rice is the main ingredient in sushi.', 1, 1, true, NOW(), NOW()),
(32, 32, 'What is the capital of Thailand?', 'Bangkok', 'Chiang Mai', 'Phuket', 'Krabi', 'A', 'Bangkok is the capital of Thailand.', 1, 1, true, NOW(), NOW()),
(33, 33, 'What is the primary language in Egypt?', 'Arabic', 'English', 'French', 'Spanish', 'A', 'Arabic is the primary language in Egypt.', 1, 1, true, NOW(), NOW()),
(34, 34, 'What is the capital of Turkey?', 'Istanbul', 'Ankara', 'Izmir', 'Bursa', 'B', 'Ankara is the capital of Turkey.', 1, 1, true, NOW(), NOW()),
(35, 35, 'What is the most popular sport in the world?', 'Basketball', 'Cricket', 'Soccer', 'Tennis', 'C', 'Soccer is the most popular sport worldwide.', 1, 1, true, NOW(), NOW()),
(36, 36, 'What is the capital of Italy?', 'Rome', 'Venice', 'Florence', 'Milan', 'A', 'Rome is the capital of Italy.', 1, 1, true, NOW(), NOW()),
(37, 37, 'What is the main ingredient in chocolate?', 'Cocoa', 'Sugar', 'Milk', 'Vanilla', 'A', 'Cocoa is the main ingredient in chocolate.', 1, 1, true, NOW(), NOW()),
(38, 38, 'What is the capital of Spain?', 'Madrid', 'Barcelona', 'Valencia', 'Seville', 'A', 'Madrid is the capital of Spain.', 1, 1, true, NOW(), NOW()),
(39, 39, 'What is the hardest natural substance on Earth?', 'Gold', 'Iron', 'Diamond', 'Platinum', 'C', 'Diamond is the hardest natural substance.', 1, 1, true, NOW(), NOW()),
(40, 40, 'What is the main ingredient in pesto?', 'Basil', 'Parsley', 'Cilantro', 'Mint', 'A', 'Basil is the main ingredient in pesto.', 1, 1, true, NOW(), NOW()),
(41, 41, 'What is the capital of Greece?', 'Athens', 'Thessaloniki', 'Patras', 'Heraklion', 'A', 'Athens is the capital of Greece.', 1, 1, true, NOW(), NOW()),
(42, 42, 'What is the primary language in Brazil?', 'Spanish', 'Portuguese', 'English', 'French', 'B', 'Portuguese is the primary language in Brazil.', 1, 1, true, NOW(), NOW()),
(43, 43, 'What is the capital of Sweden?', 'Stockholm', 'Gothenburg', 'Malmo', 'Uppsala', 'A', 'Stockholm is the capital of Sweden.', 1, 1, true, NOW(), NOW()),
(44, 44, 'What is the main ingredient in hummus?', 'Chickpeas', 'Lentils', 'Beans', 'Peas', 'A', 'Chickpeas are the main ingredient in hummus.', 1, 1, true, NOW(), NOW()),
(45, 45, 'What is the capital of Norway?', 'Oslo', 'Bergen', 'Stavanger', 'Trondheim', 'A', 'Oslo is the capital of Norway.', 1, 1, true, NOW(), NOW()),
(46, 46, 'What is the primary gas in Earth\'s atmosphere?', 'Oxygen', 'Nitrogen', 'Carbon Dioxide', 'Hydrogen', 'B', 'Nitrogen is the primary gas in Earth\'s atmosphere.', 1, 1, true, NOW(), NOW()),
(47, 47, 'What is the capital of Finland?', 'Helsinki', 'Espoo', 'Tampere', 'Vantaa', 'A', 'Helsinki is the capital of Finland.', 1, 1, true, NOW(), NOW()),
(48, 48, 'What is the hardest rock?', 'Granite', 'Basalt', 'Diamond', 'Marble', 'C', 'Diamond is the hardest rock.', 1, 1, true, NOW(), NOW()),
(49, 49, 'What is the capital of Denmark?', 'Copenhagen', 'Aarhus', 'Odense', 'Aalborg', 'A', 'Copenhagen is the capital of Denmark.', 1, 1, true, NOW(), NOW()),
(50, 50, 'What is the main ingredient in a Caesar salad?', 'Lettuce', 'Tomato', 'Cucumber', 'Onion', 'A', 'Lettuce is the main ingredient in a Caesar salad.', 1, 1, true, NOW(), NOW()),
(51, 51, 'What is the capital of Hungary?', 'Budapest', 'Debrecen', 'Szeged', 'Miskolc', 'A', 'Budapest is the capital of Hungary.', 1, 1, true, NOW(), NOW()),
(52, 52, 'What is the primary language in Russia?', 'Russian', 'Ukrainian', 'Belarusian', 'Kazakh', 'A', 'Russian is the primary language in Russia.', 1, 1, true, NOW(), NOW()),
(53, 53, 'What is the capital of Ukraine?', 'Kyiv', 'Lviv', 'Odesa', 'Kharkiv', 'A', 'Kyiv is the capital of Ukraine.', 1, 1, true, NOW(), NOW()),
(54, 54, 'What is the main ingredient in a Greek salad?', 'Tomato', 'Cucumber', 'Olive', 'Feta cheese', 'D', 'Feta cheese is a key ingredient in a Greek salad.', 1, 1, true, NOW(), NOW()),
(55, 55, 'What is the capital of Belarus?', 'Minsk', 'Gomel', 'Mogilev', 'Vitebsk', 'A', 'Minsk is the capital of Belarus.', 1, 1, true, NOW(), NOW()),
(56, 56, 'What is the primary gas in the sun?', 'Oxygen', 'Hydrogen', 'Helium', 'Carbon', 'C', 'Helium is the second most abundant element in the sun.', 1, 1, true, NOW(), NOW()),
(57, 57, 'What is the capital of Kazakhstan?', 'Astana', 'Almaty', 'Shymkent', 'Karaganda', 'A', 'Astana is the capital of Kazakhstan.', 1, 1, true, NOW(), NOW()),
(58, 58, 'What is the main ingredient in a Margherita pizza?', 'Tomato', 'Mozzarella', 'Basil', 'Olive oil', 'B', 'Mozzarella is the main cheese used in a Margherita pizza.', 1, 1, true, NOW(), NOW()),
(59, 59, 'What is the capital of Azerbaijan?', 'Baku', 'Ganja', 'Sumqayit', 'Lankaran', 'A', 'Baku is the capital of Azerbaijan.', 1, 1, true, NOW(), NOW()),
(60, 60, 'What is the primary language in Argentina?', 'Spanish', 'Portuguese', 'Italian', 'French', 'A', 'Spanish is the primary language in Argentina.', 1, 1, true, NOW(), NOW()),
(61, 61, 'What is the capital of Armenia?', 'Yerevan', 'Gyumri', 'Vagharshapat', 'Hrazdan', 'A', 'Yerevan is the capital of Armenia.', 1, 1, true, NOW(), NOW()),
(62, 62, 'What is the main ingredient in a Beef Wellington?', 'Beef', 'Pork', 'Chicken', 'Lamb', 'A', 'Beef is the main ingredient in a Beef Wellington.', 1, 1, true, NOW(), NOW()),
(63, 63, 'What is the capital of Georgia?', 'Tbilisi', 'Batumi', 'Rustavi', 'Zugdidi', 'A', 'Tbilisi is the capital of Georgia.', 1, 1, true, NOW(), NOW()),
(64, 64, 'What is the primary gas in a balloon?', 'Oxygen', 'Hydrogen', 'Helium', 'Nitrogen', 'C', 'Helium is the gas that fills balloons.', 1, 1, true, NOW(), NOW()),
(65, 65, 'What is the capital of Moldova?', 'Chisinau', 'Bălți', 'Bender', 'Rîbnița', 'A', 'Chisinau is the capital of Moldova.', 1, 1, true, NOW(), NOW()),
(66, 66, 'What is the main ingredient in a Quiche Lorraine?', 'Eggs', 'Flour', 'Cream', 'Cheese', 'A', 'Eggs are the main ingredient in a Quiche Lorraine.', 1, 1, true, NOW(), NOW()),
(67, 67, 'What is the capital of Uzbekistan?', 'Tashkent', 'Samarkand', 'Bukhara', 'Andijan', 'A', 'Tashkent is the capital of Uzbekistan.', 1, 1, true, NOW(), NOW()),
(68, 68, 'What is the primary language in Kazakhstan?', 'Kazakh', 'Russian', 'Uighur', 'Tatar', 'A', 'Kazakh is the state language of Kazakhstan.', 1, 1, true, NOW(), NOW()),
(69, 69, 'What is the capital of Kyrgyzstan?', 'Bishkek', 'Osh', 'Jalal-Abad', 'Tokmok', 'A', 'Bishkek is the capital of Kyrgyzstan.', 1, 1, true, NOW(), NOW()),
(70, 70, 'What is the main ingredient in a Pad Thai?', 'Noodles', 'Rice', 'Bread', 'Potato', 'A', 'Noodles are the main ingredient in a Pad Thai.', 1, 1, true, NOW(), NOW()),
(71, 71, 'Exercise 71', 'What is the capital of Laos?', 'Vientiane', 'Luang Prabang', 'Pakse', 'Savannakhet', 'A', 'Vientiane is the capital of Laos.', 1, 1, true, NOW(), NOW()),
(72, 72, 'What is the primary gas in a fire extinguisher?', 'Oxygen', 'Carbon Dioxide', 'Nitrogen', 'Helium', 'B', 'Carbon Dioxide is used in fire extinguishers.', 1, 1, true, NOW(), NOW()),
(73, 73, 'What is the capital of Cambodia?', 'Phnom Penh', 'Siem Reap', 'Battambang', 'Sihanoukville', 'A', 'Phnom Penh is the capital of Cambodia.', 1, 1, true, NOW(), NOW()),
(74, 74, 'What is the main ingredient in a Tiramisu?', 'Mascarpone', 'Ricotta', 'Cream', 'Butter', 'A', 'Mascarpone is the main ingredient in a Tiramisu.', 1, 1, true, NOW(), NOW()),
(75, 75, 'What is the capital of Vietnam?', 'Hanoi', 'Ho Chi Minh City', 'Da Nang', 'Hai Phong', 'A', 'Hanoi is the capital of Vietnam.', 1, 1, true, NOW(), NOW()),
(76, 76, 'What does the Vietnamese word "Xin chào" mean in English?', 'Hello', 'Goodbye', 'Please', 'Thank you', 'A', 'Xin chào is a greeting in Vietnamese, meaning Hello.', 1, 1, true, NOW(), NOW()),
(77, 77, 'What is the capital of Indonesia?', 'Jakarta', 'Bali', 'Sumatra', 'Kalimantan', 'A', 'Jakarta is the capital of Indonesia.', 1, 1, true, NOW(), NOW()),
(78, 78, 'What is the main ingredient in a Banh Mi?', 'Bread', 'Rice', 'Noodles', 'Potato', 'A', 'Bread is the main ingredient in a Banh Mi.', 1, 1, true, NOW(), NOW()),
(79, 79, 'What is the capital of Malaysia?', 'Kuala Lumpur', 'Penang', 'Malacca', 'Sabah', 'A', 'Kuala Lumpur is the capital of Malaysia.', 1, 1, true, NOW(), NOW()),
(80, 80, 'What gas is commonly used in scuba tanks for breathing underwater?', 'Oxygen', 'Nitrogen', 'Helium', 'Carbon Dioxide', 'B', 'Nitrogen is used in scuba tanks to prevent divers from getting too much oxygen.', 1, 1, true, NOW(), NOW()),
(81, 81, 'What is the capital of the Philippines?', 'Manila', 'Cebu', 'Davao', 'Quezon City', 'A', 'Manila is the capital of the Philippines.', 1, 1, true, NOW(), NOW()),
(82, 82, 'What is the main ingredient in a Kimchi?', 'Cabbage', 'Radish', 'Garlic', 'Ginger', 'A', 'Cabbage is the main ingredient in a Kimchi.', 1, 1, true, NOW(), NOW()),
(83, 83, 'What is the capital of Singapore?', 'Kuala Lumpur', 'Bangkok', 'Hanoi', 'Singapore', 'D', 'Singapore is the capital of Singapore.', 1, 1, true, NOW(), NOW()),
(84, 84, 'What is the primary language in Singapore?', 'Mandarin', 'Malay', 'Tamil', 'English', 'D', 'English is one of the official languages of Singapore.', 1, 1, true, NOW(), NOW()),
(85, 85, 'What is the capital of Brunei?', 'Bandar Seri Begawan', 'Kuala Lumpur', 'Jakarta', 'Manila', 'A', 'Bandar Seri Begawan is the capital of Brunei.', 1, 1, true, NOW(), NOW()),
(86, 86, 'What is the main ingredient in a Laksa?', 'Noodles', 'Rice', 'Bread', 'Potato', 'A', 'Noodles are the main ingredient in a Laksa.', 1, 1, true, NOW(), NOW()),
(87, 87, 'What is the capital of Myanmar?', 'Yangon', 'Naypyidaw', 'Mandalay', 'Bagan', 'B', 'Naypyidaw is the capital of Myanmar.', 1, 1, true, NOW(), NOW()),
(88, 88, 'What is the primary language in Myanmar?', 'Burmese', 'Thai', 'Lao', 'Khmer', 'A', 'Burmese is the official language of Myanmar.', 1, 1, true, NOW(), NOW()),
(89, 89, 'What is the capital of Cambodia?', 'Phnom Penh', 'Siem Reap', 'Battambang', 'Sihanoukville', 'A', 'Phnom Penh is the capital of Cambodia.', 1, 1, true, NOW(), NOW()),
(90, 90, 'What is the main ingredient in a Pho?', 'Noodles', 'Rice', 'Bread', 'Potato', 'A', 'Noodles are the main ingredient in a Pho.', 1, 1, true, NOW(), NOW());